Emp_id,E_name,Gender,contact_no
1000,Palm Haggerty,M,3421835005
1001,Jarad Greedy,M,1768134484
1002,Dot Codeman,F,6485471911
1003,Cristie Hedges,F,4227327676
1004,Angelico Crews,M,3679661247
1005,Dell Kleen,M,2697927723
1006,Kearney Huelin,M,1057181756
1007,Alene Lock,F,4741931784
1008,Dedie Hutchcraft,F,6194076815
1009,Emmy Veeler,M,6491507894
1010,Carlos Death,M,8023292128
1011,Pippa Rennolds,F,8052707192
1012,Auria Bickardike,F,1039747480
1013,Julius Twinbrow,M,5953547453
1014,Kain Mullord,M,9082757550
1015,Desiree Stiling,F,
1016,Ignacio Labro,M,9374553546
1017,Rance Shadrach,M,9341527507
1018,Dare Baty,M,9704344571
1019,Fredelia Littlefair,F,
