U_id,Name_is,password_is,Gender,Dob
ekenelin0,Evita,6HMXCAw89z,F,7/24/21
bcharette1,Bertrand,nMHSu8,M,8/12/11
mlamping2,Mikkel,KZ2hzSy,M,9/16/00
lsevin3,Lefty,zYgDHaAd,F,
amichelotti4,Anstice,isJEMG,F,10/24/18
bjoice5,Beatrix,hVvmvuhgpmD2,F,
jgook6,Jermayne,d0BiJTqGuZJ,M,1/24/06
dklambt7,Deloris,m3Sg9X,F,4/27/21
chedlestone8,Cindi,xcGW8EHMW,F,8/2/11
wrocco9,Whitaker,3fRvyWPhX5i,M,3/5/17
ggreenalla,Genni,UuGiJORxD,F,1/21/17
hthiolierb,Hill,VcD8nv,M,
tbarnwillc,Tony,qtAgFRCLCar,F,8/13/13
ctraiced,Cornelia,2lTU1XW08Hf,F,3/20/03
bgartlande,Berni,n01frrBX4BE,F,1/19/07
kwardhoughf,Kelsy,iNvAQ0sA,F,
zdarcyg,Zelda,RnyHhBoiqAM,F,6/8/20
azapatah,Asia,BxnXcgLea,M,
kbriskeri,Kira,Uj3Kb0iLSt5,F,4/27/14
pweirj,Pinchas,wSsMhW9a,M,1/18/00
rninehamk,Roger,TZ8N7P,M,8/1/12